scenario_id,turn,verdict,main_issue,note
S001,1,Pass,None,"DDPM one-step Markovian vs DDIM non-Markovian jump via x̂_0 all match the notes; source_mode=file; DDIM master step and DDIM-to-DDPM connection (t'=t−1, η=1) quoted correctly."
S001,2,Small Issue,Incorrect content,"η=0 deterministic/ODE and η=1+t'=t−1→DDPM behavior all correct and quotes the notes' Deterministic-DDIM caveat, but writes σ_t² = η·(1−ᾱ_t')/(1−ᾱ_t)·(1−ᾱ_t/ᾱ_t') — squaring the notes' σ_t = η√(...)√(...) requires η², not η."
S001,3,Pass,None,"Closed-form jump x_t=√ᾱ_t·x_0+√(1−ᾱ_t)·ε with ᾱ_t=∏α_i, sum-of-Gaussians/variances-add reasoning, and boundary ᾱ_T≈0→x_T~N(0,I) all match the notes' Reparameterization Trick caveat, quoted verbatim."
S001,4,Small Issue,Incorrect content,"Exactly 4 questions on the built-up η/closed-form material with a real generated artifact and correct answer key, but the Q3 stem inverts both ratios of the notes' DDIM variance: σ_t = η√((1−ᾱ_t)/(1−ᾱ_t'))√(1−ᾱ_t'/ᾱ_t) instead of η√((1−ᾱ_t')/(1−ᾱ_t))√(1−ᾱ_t/ᾱ_t')."
S001,5,Small Issue,Changed unrelated content,"Student version has all 4 questions and zero answer leakage, but the Q3 formula was silently altered from the teacher version (first ratio now matches the notes, second factor still inverted as 1−ᾱ_t'/ᾱ_t, which is negative for t'<t)."
S001,6,Pass,None,"Correctly names 06_diffusion_ddpm_ddim_notes.pdf as the single source used throughout; no invented files, no hedging."
S002,1,Pass,None,"Auto-selected 07_flow_matching_notes.pdf with source_mode=file; interpolant X_t = tX_1+(1−t)X_0 (t=0 noise, t=1 data) and target velocity v = X_1−X_0 both match the notes."
S002,2,Small Issue,Incorrect content,"VE drift f=0 and VP drift f=−½β(t)x_t are correct with f/g roles identified, but it writes the VE-SDE as dx=σ(t)dW_t where the notes have dx=√(dσ²(t)/dt)dW_t."
S002,3,Fail,Incorrect content,"Predictor written as x_{i−1}=x_i−[f−½g²S_θ]Δt+g·Z_i — the ½ belongs only to the probability-flow ODE per the notes' trap warning, and the √Δt scaling on the noise is dropped; the Langevin corrector is also given with a wrong sign (x←x−αS_θ+√(2α)Z); the notes' ODE-halves-score/drops-noise contrast is never mentioned."
S002,4,Fail,Other,"Only an answer key is delivered (5 answers, all supported by the notes: v=X_1−X_0, VE f=0, VP drift, predictor components) — the quiz questions themselves never appear, and it claims 'the quiz card is now ready in your panel' while the transcript records no suggestion and no artifact."
S002,5,Fail,Missed instruction,"Responds only 'the quiz is generated and ready to publish' — no student version is produced anywhere in the transcript (nothing leaked, but nothing delivered either)."
S002,6,Fail,Other,"Names the right file (07_flow_matching_notes.pdf) but contradicts the user by claiming 'the file you attached to this message' after the user said they never picked one, and leaks internal prompt scaffolding ('<selected_course_sources> block', 'FOCUS')."
S003,1,Fail,Incorrect content,"Gap handling is right (says VAE notes don't cover GRPO, points to 11_ppo_dpo_grpo_alignment.pptx, labels the rest 'general knowledge') but that content is wrong: expands GRPO as 'Generalized Reward Policy Optimization' and describes it as generalizing DPO via importance weighting, contradicting the course's group-normalized-advantage GRPO."
S003,2,Pass,None,"Points to 11_ppo_dpo_grpo_alignment.pptx and 09_ar_alignment_rlhf_notes.pdf; cited section titles ('Direct Preference Optimization (DPO) and GRPO' slide 5, 'GRPO Relative Advantage (Normalization)') verify against the real files; only nit is calling the PDF's sections 'slides'."
S003,3,Pass,None,Confirms the switch to the alignment sources without re-asking the topic; source_mode=file.
S003,4,Small Issue,Incorrect content,"Ã_{i,t}=(r_i−r̄)/σ_r, K-completion group sampling, no-critic point, and exam keywords all match the notes verbatim, but it invents yet another acronym expansion, 'Group Relative Advantage Optimization'."
S003,5,Fail,Incorrect content,"PPO ratio/clipped-surrogate/4-models and GRPO group-statistics distinctions are right, but the DPO implicit-reward margin is inverted — written as β·log(π_ref(y+)/π_θ(y+)) where the notes have β·log(π_θ(y+)/π_ref(y+)); Bradley-Terry loss never mentioned; stray literal code fence around the intro line."
S003,6,Pass,None,"Comparison table reuses the built-up definitions; every row (4/2/3 models, reference model for KL in all three, data formats) checks out against the notes and PA2 deck."
S003,7,Pass,None,"Real generated artifact: exactly 5 questions derived from the table (model requirements, advantage, data format, complexity, KL), no answers exposed in the student-facing chat text."
S003,8,Pass,None,"Credits 09 and 11 (with section names that exist in those files), not the originally selected VAE notes."
S004,1,Small Issue,Incorrect content,"Corruption comparison is right (NCSN x̃=x+σε with no signal scaling; DDPM iterative √α_t scaling + closed-form jump; both files used, source_mode=file), but it volunteers the score target as −ε/σ² while pairing it with x̃=x+σε — the notes' primary form for that corruption is −ε/σ."
S004,2,Fail,Incorrect content,"DDPM side is correct (predicts ε, L_simple=||ε−ε_θ||²), but the NCSN score target is given as −ε/σ² throughout (notes: −ε/σ), the weighted loss as σ²||S_θ+ε/σ²||² (notes: ||σS_θ+ε||²), the ALD update as x+α_iS_θ+√(2α_i)Z (notes: (α_i/2)S_θ+√α_i·Z), and the L_vlb coefficient doesn't match the notes either."
S004,3,Fail,Incorrect content,"ALD update again written α_i·S_θ + √(2α_i)·Z, missing exactly the notes' trap ('divide the step size by 2 for the gradient term, square-root it for the noise term'); step size α_i=ε_step·σ_i²/σ_L² and the DDPM step with z=0 at t=1 are correct; message is cut off mid-sentence at the end."
S004,4,Small Issue,Incorrect content,"The conversion S_θ=−ε_θ/√(1−ᾱ_t) is correct with the right direction and sign, but the 'why' derivation writes S_true=−ε/(1−ᾱ_t)=−ε_θ/√(1−ᾱ_t), an equation that is wrong as written and inconsistent with its own earlier −ε/σ² claim."
S004,5,Fail,Incorrect content,"Table reuses turns 1-4 material, but the score-target cell says −ε/σ² where the scenario explicitly requires it to stay −ε/σ, the ALD row keeps the wrong α_i/√(2α_i) constants, and the whole table is wrapped in a literal code fence so it would not render."
S004,6,Fail,Lost previous work,"Told 'dont touch the rest of the table' but the Noise Parameterization and Cumulative Corruption rows are deleted, remaining rows are reordered, and the new Loss Functions row largely duplicates the existing Training Loss row."
S004,7,Fail,Incorrect content,"Six on-topic questions with answers and no drift into unselected files, but Q1's answer re-asserts the −ε/σ² score target (contradicting both the notes and its own Q4 answer, which correctly uses −ε/√(1−ᾱ_t))."
S005,1,Small Issue,Other,"Setup deviation: only outline+intro+handwritten were selected, not all 13 files, so the guide is built from the outline's week-by-week topics — which all verify against the real outline (5 families, guidance weeks 7-8, DLMs week 11, hybrids week 14) — but the message truncates mid-section 13 and includes the ungrounded claim 'VAEs are a special case of score-based models'; nothing is attributed to the unreadable file 14."
S005,2,Fail,Missed instruction,Asked for 5 cross-topic connections without rewriting; the reply is a near-verbatim repeat of the turn-1 guide with no connections anywhere in the delivered text (truncated at the same point).
S005,3,Fail,Other,"Adds 2 formulas per section (ELBO, AR chain rule, closed-form jump, InfoNCE all correct) but the output truncates mid-ViT formula, so sections 8-13 and their formulas are missing from the delivered guide; the 'score SDE' formula shown mixes the ODE's ½g² into a dW equation."
S005,4,Pass,None,"Complete one-page condensation keeping every topic block, with 5 plausible cross-topic connections finally added and surviving formulas intact."
S005,5,Small Issue,Other,"Ten questions spanning the outline's weeks 1-14 with nothing from the handwritten file, but Q1 and Q4 are ambiguous double-answer MCQs ('Correct: B and D', 'D — both A and B') and Q10's explanation is cut off."
S005,6,Fail,Other,"Teacher key matches the turn-5 questions and answers are consistent, but the message truncates mid-Q8 — answers for Q9 and Q10 are never delivered."
S005,7,Small Issue,Other,All 10 questions in student format with zero answers leaked (answer-leak check clean); Q10's option D is clipped mid-word by truncation.
S005,8,Fail,Other,"Glossary is appended to the guide with accurate definitions, but the output truncates in the D entries ('ELBO (' cut mid-word) — terms E through Z are missing."
S005,9,Small Issue,Other,"Attributions are verifiably accurate (outline weekly topics, intro's 60/40 oral-written PA split, slide 7 text-and-images scope) and file 14 is honestly reported as 'full text not extracted' (though it then 'assumes' its contents); the artifact inventory lists a connections-expanded guide that turn 2 never actually delivered, and the tail is truncated."
S006,1,Pass,None,"Tweedie E[x|x̃]=x̃+σ²∇logP(x̃) with the notes' exact where-you-are/direction/step-size intuition, and the 'Combo B' (Score vs. MSE) framing verifies against the VAE cheat sheet; source_mode=file."
S006,2,Pass,None,"z=μ_φ(x)+σ_φ(x)⊙ε with ε~N(0,I) and the notes' 'decouples random sampling from deterministic parameters so backpropagation can occur' rationale, quoted correctly."
S006,3,Pass,None,"Switches to the diffusion notes in stride: closed-form jump x_t=√ᾱ_t·x_0+√(1−ᾱ_t)·ε, ᾱ_t=∏α_i, iterative step √(1−β_t)x_{t−1}+√β_t·ε, and the sum-of-Gaussians caveat all match; no re-asking."
S006,4,Pass,None,"Resolves 'first file'=VAE notes and 'second file'=diffusion notes correctly, states the real shared-Gaussian link (reparameterization ↔ closed-form jump), no misattribution."
S006,5,Pass,None,SNR_t=ᾱ_t/(1−ᾱ_t) attributed to the diffusion notes with the notes' 'ratio of data to noise' and 'Core Parameters & Schedules' framing.
S006,6,Pass,None,"'First file' resolves back to the VAE notes; negative ELBO = −E_q[logP_θ(x|z)] + D_KL(q_φ(z|x)||P_θ(z)) matches Eq 2.2, and the cited 'Posterior Collapse, Equation 2.5' really exists in that file."
S006,7,Fail,Other,"Reply claims a 4-question labeled quiz with answers ('2 on VAEs/DAEs and 2 on diffusion') but the transcript contains no questions, no suggestion params, and no artifact — and the set later revealed in turn 8 is actually 3 VAE + 1 diffusion (Tweedie, reparam, ELBO vs closed-form jump), violating '2 from each file'."
S006,8,Pass,None,Four questions delivered with no answers and no file labels — leak check clean — though it inherits turn 7's 3-VAE/1-diffusion imbalance.
S007,1,Pass,None,"KL penalty formula β·log(π_θ/π_ref) with the correct ratio direction, subtracted from the task reward to constrain drift from the reference model — matches the notes; source_mode=file."
S007,2,Pass,None,"L(ψ)=−log σ(r_ψ(x,y+)−r_ψ(x,y−)) exactly as in the notes' Reward Model (Critic) Loss, with a correct pairwise-ranking explanation."
S007,3,Fail,Other,"Reply says 'Here's a 3-question quiz... answers below each one' but no questions, no suggestion params, and no artifact appear anywhere in the transcript — the promised quiz was never delivered."
S007,4,Pass,None,"Explicit selection wins over the alignment history: 224/16=14, N=196 patches, 197 tokens with [CLS], correctly cited to Problem 1 of the VLM notes with no alignment bleed."
S007,5,Pass,None,"CLIP loss setup matches the file exactly: ℓ_ij=u_iᵀv_j/τ, per-image −log softmax on the diagonal, symmetric ½(L_I→T+L_T→I), the InfoNCE alignment+uniformity decomposition, and lower-τ-sharper-softmax per Problem 3."
S007,6,Fail,Incorrect content,"Real 4-question VLM-only artifact (no alignment leakage; Q1 tokenization and Q4 LLaVA budget 49→75 are correct), but the answer key's Q2 CLIP loss is wrong arithmetic: for diagonal logits 1.5 vs 0 off-diagonal, −log(e^1.5/(e^1.5+1))≈0.2014, not the stated ≈0.4055; Q3's output vector (0.5724, 0.2138, 0.2138, 0.0000) also cannot follow from its own softmax weights (0.3656, 0.1345, 0.3656, 0.1345)."
S007,7,Pass,None,"Correctly credits 12_vlm_vit_clip_reasoning.md, and the claimed grounding in Problems 1/4/5/6 of its seven worked problems all verifies against the file; alignment notes not credited."
S008,1,Pass,None,"All numbers match the notes' Problem 1 exactly (196 patches, 197 tokens, 590,592 patch-embedding params); source_mode=file."
S008,2,Small Issue,Other,"Content reproduces Problems 3-4 exactly (0.7361 to 0.3065, 0.6653 to 0.4076, avg 0.3739) but source_mode='none' despite the explicit 'same notes' instruction - grounding not registered."
S008,3,Small Issue,Other,"Shapes and Problems 5-6 reproduced exactly (weights 0.4011/0.1978/0.4011, output (3,4); 49 patches, (12,49) scores) but source_mode='none' again."
S008,4,Fail,Incorrect content,"Generated quiz Q3's answer key computes three attention scores [2,3,4] via dimensionally invalid dot products; the printed K defines two image-patch keys ([1,1,2],[0,1,0]) giving scores [3,1] - the key cannot be derived from its own question. The other five questions check out (393,728 params; token budget 75)."
S008,5,Small Issue,Changed unrelated content,"Student proposal has 6 questions with no answers (no leakage), but its per-question type layout (Q4 and Q6 MCQ) mismatches the generated quiz (Q5 and Q6 MCQ), so 'same six questions' is not guaranteed."
S008,6,Pass,None,Study-notes proposal covers exactly the three built-up topics with the correct course_material_id for the VLM file.
S008,7,Fail,Changed unrelated content,"The 'trim the study notes' refine targets assessment b5583de6 - the Turn-4 quiz artifact, not the notes - so executing it would overwrite the quiz with condensed notes."
S008,8,Fail,Other,"Says 'Here's a concise topic summary... ready to embed' but attaches no summary text, suggestion, or refine - nothing was actually delivered."
S008,9,Small Issue,Incorrect content,"Correctly confirms the single source 12_vlm_vit_clip_reasoning.md, but the inventory mislabels the only generated quiz as 'student version, no answers' (it was the teacher version with an answer key) and lists a topic summary that was never delivered."
S009,1,Small Issue,Incorrect content,"DDIM essentials right (x-hat_0, step-skipping, eta=0 deterministic ODE, collapse to DDPM at t'=t-1 with eta=1) but sigma_t is printed with the second ratio inverted (1 - alpha-bar_t'/alpha-bar_t, which is negative for t>t'; notes give 1 - alpha-bar_t/alpha-bar_t')."
S009,2,Small Issue,Incorrect content,"Eta behavior all correct (eta=0 makes sigma_t=0, z_t vanishes, reversible ODE; eta=1 approaches DDPM) but repeats the same inverted sigma_t ratio from Turn 1."
S009,3,Pass,None,"DDPM one-step Markovian formula matches the notes exactly, collapse condition (t'=t-1, eta=1) stated, and the thread from turns 1-2 is continued without restart."
S009,4,Small Issue,Incorrect content,"10-question quiz well grounded in the notes' exam keywords (collapse condition, ODE solver, boundary conditions, reparameterization), but Q3 inverts the first sigma_t ratio and Q9 misquotes the DDPM step as X_t - eps/sqrt(1-alpha-bar_t) + sigma z (drops the 1/sqrt(alpha_t) prefactor and (1-alpha_t) coefficient)."
S009,5,Pass,None,"Refine targets the correct assessment, keeps the same topic and 10 questions while raising difficulty - exactly what 'harder' asked."
S009,6,Pass,None,"Answer key covers all 10 questions without altering them; eta=0 gives sigma_t=0, the eta=1/no-skip collapse, and X_T ~ N(0,I) boundary answers all agree with the notes (key reflects the pre-refine quiz, acceptable under the one-generation cap)."
S010,1,Small Issue,Incorrect content,"'quizz on difussion frm the notes' parsed correctly and the 20-question quiz is grounded in the cheat sheet, but key Q13 says alpha-bar_3 ~ 0.9415 (0.99*0.98*0.97 = 0.9411) and Q20 prints sigma_t with the first ratio inverted vs the notes."
S010,2,Small Issue,Missed instruction,"'add qustion abt the varaince schedual' (singular) understood and correctly themed, but the refine adds 3-4 questions where the scenario expects exactly one."
S010,3,Small Issue,Missed instruction,"SNR intent read through the typos and the formula SNR_t = alpha-bar_t/(1-alpha-bar_t) is correct, but the instruction allows 'Add 1-2' questions where exactly one was asked."
S010,4,Pass,None,"Adds a single eta question grounded exactly in the notes' Deterministic DDIM caveat (eta=0 makes sigma_t=0, z_t disappears, perfectly reversible)."
S010,5,Small Issue,Lost previous work,"Conversion to 4-option single-answer MCQ is correctly specified and re-lists the variance/SNR/eta topics, but it pins 'Total: 20 MCQ' despite having claimed ~5-7 added questions in turns 2-4 - executing it as written would drop items."
S010,6,Pass,None,"Student copy instruction removes answer key, explanations, and rubric with an explicit no-student-facing-answers guard; no leakage visible."
S010,7,Pass,None,Teacher version keeps the student questions unchanged and adds a separate key with 1-2 sentence explanations grounded in 06_diffusion_ddpm_ddim_notes.pdf.
S010,8,Pass,None,Names 06_diffusion_ddpm_ddim_notes.pdf as the sole source; no other or non-existent file claimed.
S011,1,Fail,Incorrect content,"Strong lecture arc on the right file, but it teaches S_true = -eps/sigma^2 while the notes give -eps/sigma under x-tilde = x + sigma*eps, misstates ALD as alpha_i*S + sqrt(2*alpha_i)*Z (notes: (alpha_i/2)*S + sqrt(alpha_i)*Z per their own trap warning), and the generated quiz key computes alpha_i = 0.032 where eps_step*sigma_i^2/sigma_L^2 = 0.02*0.16/0.01 = 0.32."
S011,2,Fail,Incorrect content,The single board formula requested is delivered as -eps/sigma^2 = grad log p - wrong against the notes' -eps/sigma = (x - x-tilde)/sigma^2 and dimensionally inconsistent with its own stated forward process x-tilde = x + sigma*eps.
S011,3,Small Issue,Incorrect content,"Noise-conditional S_theta(x-tilde, sigma) and the lambda(sigma)=sigma^2 balancing story are right, but the loss target is again written eps/sigma^2 and the annealed step-size connection (alpha_i = eps_step*sigma_i^2/sigma_L^2 shrinking toward sigma_L) never appears."
S011,4,Fail,Incorrect content,"Exactly four sections that visibly target the misconception, but the board carries -eps/sigma^2, the wrong ALD coefficients, and inverts the weighting rationale ('high noise gets lower weight' - lambda(sigma)=sigma^2 gives high noise the HIGHER weight)."
S011,5,Fail,Incorrect content,"Well-designed 3-minute pair check that preserves the four sections, but its teach-back correction asserts the scaling factor is 1/sigma^2 and the loss target eps/sigma^2 - the activity's checkable answer contradicts the notes' -eps/sigma."
S011,6,Small Issue,Incorrect content,"Exactly three exit tickets, on-topic with a sensible rubric and no drift to DDPM/flow/VAE, but Q1's printed definition S_true = -eps/sigma^2 propagates the same wrong formula to students."
S011,7,Pass,None,Points to 05_ncsn_score_based_models_notes.pdf as primary reading with formula numbering (1-7) that matches the real file; the 'slides' framing is loose but no false source is claimed.
S012,1,Fail,Clarification problem,"Fully specified 6-rule prompt gets 'let me confirm one quick choice before I finalize the plan:' with clarify=null - no question is ever posed and no plan, timings, examples, or exit ticket are delivered."
S012,2,Small Issue,Missed instruction,"Recovers with a lesson-plan card honoring the 10-min recap and 35-min interpolant (+5) in text, but params carry only topic/duration - the 2-example, exit-ticket, no-code, and sum-to-90 constraints are not encoded anywhere."
S012,3,Small Issue,Missed instruction,"Swap of example 2 for a target-velocity example is acknowledged in text, but the proposal params are again bare, so 'only example 2 replaced, still exactly 2 examples' is not verifiable or guaranteed."
S012,4,Fail,Missed instruction,"Structure finally appears and the 2-min ODE note is correct (deterministic variant, halved score term), but section timings sum to 88 (10+2+35+8+10+13+10), breaking the sum-to-90 rule, and an unrequested 13-min CFM overview section is inserted."
S012,5,Pass,None,"Keeps exactly 5 questions while raising difficulty; the harder set (visible via Turn 6) stays entirely inside the notes' Parts 1-5 (reverse SDE, interpolant, CFM master equation, OT coupling, Mean-Flow)."
S012,6,Pass,None,"Separate key matches all 5 questions and the notes exactly: reverse SDE, v = x1 - x0 constant, CFM master velocity m-dot + (a-dot/a)(x_t - m) with the derivative-first trap, OT cost ||x0i - x1j||^2, and the Mean-Flow loss with StopGradient plus its 'mathematically invalid' warning."
S012,7,Small Issue,Incorrect content,"TA handout keeps both worked examples (arithmetic correct: x_t = [1-t, t], v = [-1,1]) and the exit ticket with no code, but the timing table sums to 78 and invents a '12 slack/Q&A' entry to claim 90, writes VE-SDE as dx = sigma(t)^2 dW (notes: sqrt(d sigma^2(t)/dt) dW), and silently drops the CFM overview section from Turn 4."
S012,8,Pass,None,"Confirms 07_flow_matching_notes.pdf as the only source - accurate, since even the OT and Mean-Flow content genuinely lives in that file's Parts 4-5."
S013,1,Pass,None,"LLM/VLM/MLLM definitions match slide 2 verbatim (VLM = LLM + vision encoder, text output; MLLM = text/images/video/audio), source_mode=file. Note: the harness never appended the auditor's one added instruction, so only the base prompt could be graded."
S013,2,Pass,None,One apt example per type (LLM text-only summary; VLM photo of equation to text solution; MLLM video+audio+text) with the turn-1 definitions preserved verbatim.
S013,3,Pass,None,"Exclusion list matches slide 3 exactly (Convolutions+Attention, CNNs, RNNs, LSTMs, Transformers, how to train/evaluate/build/deploy) with a correct slide-3 citation; source_mode='none' despite the verbatim grounding is the only blemish."
S013,4,Pass,None,"Exactly 3 definitional questions, all answerable from slide 2 (VLM distinguishing feature; video+dialogue scenario resolving to MLLM; LLM/VLM/MLLM hierarchy)."
S013,5,Fail,Changed unrelated content,"No answer leakage, but the 'student version' silently replaced the Turn-4 questions (Q1 became a new handwritten-equation scenario, Q3 became MLLM-vs-VLM advantage) - grading the student copy with the Turn-4 key (B, C, ...) would misscore students."
S013,6,Pass,None,"Names 01_dvlm_introduction.pptx with an accurate slide-2 reference and honestly states the questions were derived from, not copied out of, the deck."
S014,1,Fail,Error or timeout,"Turn skipped by the harness ('no prompt parsed') - the auditor-composed RLHF explanation prompt never reached Fazah, so the scenario's opening beginner explanation was never produced or gradable."
S014,2,Fail,Other,"With no turn-1 explanation in existence, Fazah claims 'adding a simple analogy to the reward model section... Updating it now' but attaches no refine and shows no analogy - a phantom update of nonexistent content, and the requested analogy is never delivered."
S014,3,Fail,Incorrect content,"PPO (clip + KL vs reference) and DPO (no reward model, widen the preference probability gap) match the notes, but GRPO is said to 'skip the reward model' with table row 'Reward model? No' - the course files say GRPO computes advantage without a VALUE model (notes) / drops the critic while all three keep reward scoring and the reference model (PA2 deck fact)."
S014,4,Small Issue,Other,"Artifact has exactly 4 grounded questions - Q2 correctly says GRPO drops the value model and needs group mean and std, Q3's beta*log(pi_theta/pi_ref) and Q4's 'reward model (Critic)' match the notes' own presentation - but the chat message itself is the literal string '```json' and Q1/Q3 read stiff for the requested beginner level."
S014,5,Fail,Misunderstood request,"'Student version' was read as 'reword in plain language': the refine rewrites all four questions with analogies instead of issuing the same four questions without answers; no leakage occurs, but the Turn-4 items are not preserved and answer removal is never addressed."
S014,6,Small Issue,Other,"Names 09_ar_alignment_rlhf_notes.pdf and cites real section names (PPO Reward Shaping, PPO Probability Ratio, GRPO Relative Advantage, DPO Implicit Reward Margin), but invents a 'Slides 4-5' structure for a notes file and admits mixing in 'general knowledge'."
S015,1,Fail,Incorrect content,"Structure perfect (5 MCQ x1 + 2 SA x3 = 11, grounded in real Eq 2.1-2.5 from the VAE notes) but the Q7 answer key values (12.65 / 1.42) are not derivable from the question's numbers (Eq 2.4 gives ~0.197 and 0.25) and the 'optimizer favors B' conclusion is inverted for those inputs."
S015,2,Pass,None,"Refine replaces Q6 with a numeric z = mu + sigma*eps computation, explicitly keeping Q7 and all MCQs, counts and marks unchanged."
S015,3,Pass,None,Refine rewords only Q3 into plainer language while keeping the same options and answer key.
S015,4,Pass,None,"Swaps exactly one MCQ (Q2) for a Tweedie question grounded in the notes' real Equation 1.3, keeping all other questions and the 5+2/11-mark structure."
S015,5,Pass,None,"Verifies honestly: 5x1 + 2x3 = 11, matching the actual item set."
S015,6,Small Issue,Other,"Reorder refine correctly preserves marks/answers, but its instruction misdescribes the second numeric as 'ELBO total loss' - that question was replaced by the variance/blurriness one in turn 2, showing minor state drift."
S015,7,Pass,None,Student version refine strips all answers while keeping question text and mark values; no answer leakage in the reply.
S015,8,Fail,Changed unrelated content,"Reparameterization and KL working are correct (z=0.7, KL=0.338), but the key silently changes Q7's numbers (mu=0.8, x=1.0 vs the student version's mu=[0.5,0.5], x=[1.0,1.0]) so it no longer matches item-for-item, and it claims 0.02 is 'much smaller' than -0.952 with sign-confused hedging."
S015,9,Pass,None,"Confirms 5x1 + 2x3 = 11 and names 04_vae_denoising_autoencoders_notes.pdf; every cited equation (1.3, 2.1-2.5, Combo C) genuinely exists in that file."
S016,1,Fail,Other,"Proposal params were right (5 questions, Bradley-Terry/PPO/DPO/GRPO/KL, both correct alignment files, answers inline), but the create_suggestion call leaked as raw <function-calls> JSON in the visible reply and never executed - suggestions is empty, yet Fazah said 'There's your 5-question quiz card'."
S016,2,Fail,Other,"Read 'spicier' correctly and scoped the edit to Q2 only, but the refine_artifact call leaked as plain text (refine=null, nothing to refine exists) while claiming 'Done - Q2 is now meatier'."
S016,3,Fail,Missed instruction,"Understood the walk-back ('turning down the heat on Q2') but emitted no edit action at all - no refine, not even leaked tool text - while implying the easing was applied."
S016,4,Fail,Other,"Edit instruction was well-grounded (cites the real 'GRPO Relative Advantage (Normalization)' section of the 09 notes, though mislabels it 'Slide 5') and scoped to Q4 only, but again leaked as raw text with refine=null and a false 'Done'."
S016,5,Fail,Other,"Correct scenario-style rewrite scoped to Q5 with content matching the sources (DPO needs no reward model, KL prevents drift), but the call leaked as text, never executed, and completion was claimed."
S016,6,Fail,Other,"No consolidated answer key delivered because nothing was ever generated; Fazah honestly admits it has no generated quiz content, which contradicts its own turn 1-5 'Done' claims."
S016,7,Small Issue,None,"Names exactly the two correct files (09 notes, 11 deck) with accurate per-file descriptions and invents nothing, but 'both are grounded directly - no general knowledge fill-in' overstates grounding for a quiz that was never generated."
S017,1,Small Issue,Other,"Honestly says it has no text and asks for topics instead of fabricating, but misframes the permanently unreadable file as 'still scanning' and promises it can 'wait for the scan to complete' - a completion that will never happen."
S017,2,Small Issue,Other,"Correctly states it cannot read the handwriting and offers sensible paths (paste topics, screenshot pages), but again claims 'the scan should finish soon' rather than flagging needs-review/no-extractable-text status."
S017,3,Pass,None,"Stays fully honest under direct pressure - 'I can't see anything from the file itself, no handwriting, no structure, nothing' - and invents zero contents for file 14; the critical honesty check passes."
S017,4,Pass,None,"Accepts the pivot to 04_vae_denoising_autoencoders_notes.pdf and generates a 5-question quiz genuinely grounded in that file (Eq 1.1/1.2/1.3, Tweedie intuition wording, HVAE L=3 factorization all match the corpus)."
S017,5,Small Issue,Other,"Responds to 'go ahead' by issuing a second near-identical suggestion card and asking the teacher to 'hit Generate' again instead of recognizing the quiz was already built; params (5 questions, VAE topic, correct file) are right."
S017,6,Pass,None,Targeted refine adds answers plus explanations to all 5 questions with Q1-Q5 labels while leaving the questions unchanged.
S017,7,Pass,None,"Student-version refine deletes only the answer key, explicitly keeping all 5 questions, marks, and options; no answers leak into the reply."
S017,8,Pass,None,"Correctly names 04_vae_denoising_autoencoders_notes.pdf (even calling it 'the VAE Cheat Sheet', its real title) and confirms nothing was pulled from file 14, consistent with turns 2-3."
S018,1,Pass,None,"Correctly resolves 'the sampler that removes the randomness' to deterministic DDIM in the diffusion notes and summarizes the real content (eta=0, sigma_t z vanishes, ODE-solver keywords), only mislabeling the section as 'Slide 3'."
S018,2,Small Issue,Incorrect content,"Mechanism is exactly right (eta=0 makes sigma_t=0 so the z term vanishes; step and eta=0 formulas match the notes), but the displayed DDIM variance has the second ratio inverted - sqrt(1 - abar_t'/abar_t) instead of sqrt(1 - abar_t/abar_t') - which would be negative under the root."
S018,3,Pass,None,States the collapse correctly (t'=t-1 no skipping + eta=1 gives exactly DDPM; DDPM Markovian vs DDIM non-Markovian jumps) with the real DDPM step formula; the 'verbatim' notes quote is garbled ('set eta (no skipping)') mirroring the file's broken text extraction.
S018,4,Fail,Other,"Reply is literally the three characters '```json' - no questions, no suggestion, no artifact; the requested 4-question quiz was never produced."
S018,5,Fail,Other,Reply is the stub 'Here's what I suggest:' with nothing after it (source_mode flips to general); no answer key exists and there were no questions to key against.
S018,6,Pass,None,"Names 06_diffusion_ddpm_ddim_notes.pdf and only that file, consistent with turns 1-3; 'Slide 3/Slide 4' labels are cosmetic mislabels of the cheat sheet's sections."
S019,1,Pass,None,With no referent for 'these slides' it asks 'which materials should I draw from' instead of guessing or fabricating a deck.
S019,2,Small Issue,Other,"Correctly resolves to the PPO/DPO/GRPO deck without re-asking, but the reply ends on a dangling stub ('one quick choice:') with the choice itself missing."
S019,3,Pass,None,"Generates exactly 5 questions all traceable to the deck - pipeline reward model (slide 3), DPO no-reward-model scenario (slide 5), PPO complexity (slide 4), GRPO group normalization vs critic, and even the LoRA/PEFT question matches slide 6's real bullet."
S019,4,Small Issue,Incorrect content,"Replaces exactly one question (Q3) at 4 marks with a model-requirements MCQ, but the instruction states GRPO needs 'policy and reference only' - the deck only says GRPO drops the critic, and GRPO still consumes reward scores to group-normalize."
S019,5,Pass,None,Adds a full answer key with rationale to the same 5 questions without altering them.
S019,6,Pass,None,Refine strips the answer key and rubric while keeping Q1-Q5 and marks intact; no answers leak into the reply.
S019,7,Pass,None,"Names only 11_ppo_dpo_grpo_alignment.pptx (even though 09 notes were also in the selection by then) with slide-by-slide citations that all verify against the actual deck, including slide 6's LoRA/PEFT bullet."
S020,1,Pass,None,Asks only the single most essential question (topic scope) instead of interrogating or fabricating an exam.
S020,2,Small Issue,Other,"Maps the scope to exactly the right three files (05, 06, 07) without re-asking, but the reply ends on a dangling 'A couple of quick choices:' with the choices missing."
S020,3,Small Issue,Other,"Retains scope and accepts MS level without re-asking, but again ends on a truncated 'One quick choice:' stub."
S020,4,Pass,None,"Captures every spec in one shot and generates a real exam: 6 questions, marks 2+3+2+4+4+5 = 20, advanced level, key included, content spanning NCSN score/loss, abar_t, DDIM step, and the CFM conditional velocity that genuinely exists in the 07 notes."
S020,5,Small Issue,Other,'ok build it' produces a second near-duplicate suggestion card instead of recognizing the exam was already built in turn 4.
S020,6,Pass,None,"Targeted refine replaces only the easiest question with a VE/VP SDE comparison correctly grounded in 07 notes Part 1 (VE f=0, VP f=-1/2 beta(t)x), keeping the rest."
S020,7,Fail,Changed unrelated content,"A verification request triggered another mutation: the refine re-issues 'Replace the easiest question... recalculate all mark allocations' instead of summing and reporting the total, and no actual per-question sum is ever shown."
S020,8,Fail,Lost previous work,"No answers leak and the total is still 20, but the 'student copy' is a substantially regenerated exam - numeric values changed ([2.0,1.0]/0.5 became [3.0,-1.0]/0.8), the abar_t question vanished, and a new DDPM posterior question appeared whose given premise formula (mu = x_t + ((1-abar_{t-1})/beta_t) grad log q) matches no identity in the notes."
S020,9,Fail,Incorrect content,"Q4(b) applies the wrong score convention: with x_tilde = x + sigma*eps as used in its own part (a), the notes give S_true = -eps/sigma = (x - x_tilde)/sigma^2 = [-0.625, 0.375], not the key's -eps/sigma^2 = [-0.781, 0.469]; the key also truncates mid-Q5(b), never covering Q5(c) or Q6."
S021,1,Pass,None,"Detects the self-revising prompt and states the last spec ('10 total, 6 focused on DDPM') with what the other 4 will cover, inviting correction; the generated quiz is fully grounded in the 06 notes (posterior variance, L_simple, SNR, Improved-DDPM interpolation all verify), though it floats score-based/flow-matching as the filler topics."
S021,2,Fail,Other,"Verbally locks the right spec (10 = 6 DDPM + 4 DDIM) without re-asking, but the generate_assessment call leaks into the reply as raw XML and never executes - the existing artifact has only one true DDIM question - yet Fazah claims 'Done - the quiz is now on the card'."
S021,3,Fail,Other,"'go' produces the same leaked, unexecuted generate call (params correct: 10 questions, 6 DDPM + 4 DDIM) plus a false 'Quiz generating now - ready in ~30 seconds'; no new generation or suggestion registers, so the 6/4 split was never delivered."
S021,4,Fail,Other,refine_assessment for the answer key leaks as raw text with refine=null - the edit never executes - while Fazah claims 'Done... ready to grade with'.
S021,5,Fail,Other,Never counts: after a leaked view call it claims 'the card is still building' (the turn-1 artifact completed long before) and restates the requested spec instead of verifying the actual questions; to its credit it flags the count as unverified rather than asserting it.
S021,6,Fail,Other,"Student-version refine also leaks unexecuted, so the app-side quiz keeps its answer key despite 'Done - stripping the answer key now'; no answers leak into the reply itself, so no critical failure."
S022,1,Small Issue,Clarification problem,"Harness pre-selected 06 at Turn 1 (scenario wanted no selection), so the honesty check couldn't fire cleanly; Fazah never acknowledged it can't see the earlier chat referenced by 'before' and generated a 12-question worksheet immediately instead of asking, though it grounded on the genuinely attached file rather than inventing prior context."
S022,2,Pass,None,"Acknowledged the selection, targeted the DDPM/DDIM notes, did not re-ask or claim to remember the earlier conversation."
S022,3,Pass,None,"Proposal params correct: 6 questions, topic DDPM Forward Process only (schedules, iterative vs closed-form jump, SNR, x_0 isolation), no reverse-process content smuggled in."
S022,4,Pass,None,"refine_assessment adds one short hint per problem pointing at the right formula without giving answers; six problems preserved via refine, not regenerated."
S022,5,Pass,None,"refine_assessment requests a full key for the same 6 problems grounded in the notes' formulas (alpha_t, alpha-bar, SNR, closed-form jump); worksheet not discarded."
S022,6,Pass,None,"Names 06_diffusion_ddpm_ddim_notes.pdf as the only source, consistent with the whole thread, no claim of carried-over sources."
S023,1,Pass,None,"All three definitions match slide 2 of the intro deck (LLM language-only; VLM = LLM + vision encoder, generates text; MLLM = text/images/video/audio); source_mode file."
S023,2,Pass,None,"Says no per the deck (VLM understands language+images, generates text only) and contrasts with MLLM; the added hedge 'not all MLLMs do' is a mild qualification beyond the deck but invents no VLM capability."
S023,3,Pass,None,"Three-row table (LLM/VLM/MLLM) with input/output modality columns; VLM output = text only, MLLM covers all four modalities; no invented fourth row."
S023,4,Fail,Exposed student answers,"Matching exercise left pairs perfectly aligned (1-A, 2-B, 3-C, unshuffled) AND printed 'Answer Key: 1-A, 2-B, 3-C' inside the exercise itself, violating both the shuffle and the no-answers-in-exercise expectations."
S023,5,Pass,None,"Key 1-A/2-B/3-C is correct and consistent with the Turn 4 exercise, though it was already redundant since Turn 4 leaked it."
S023,6,Pass,None,Names 01_dvlm_introduction.pptx and correctly pinpoints Slide 2 (verified: the definitions are on slide 2); no other file claimed.
S024,1,Pass,None,"Forward corruption x-tilde = x_0 + eps, eps ~ N(0, sigma^2 I) matches Eq 1.1, manifold intuition and MSE loss (Eq 1.2) both from the notes; source_mode file."
S024,2,Pass,None,Tweedie stated exactly as Eq 1.3 (E[x|x-tilde] = x-tilde + sigma^2 grad log P) with the notes' where-you-are/direction/step-size intuition and an accurate Combo B citation; the aside that direct prediction and score matching are 'mathematically equivalent' slightly overstates the notes.
S024,3,Pass,None,"Reparameterization written exactly as Eq 2.1 (z = mu_phi(x) + sigma_phi(x) elementwise eps, eps ~ N(0,I)), pieces identified correctly, no DAE mixing."
S024,4,Pass,None,"Gives the notes' reason verbatim in spirit — decouples random sampling from deterministic parameters so backprop can occur — tied to the Turn 3 formula, no ELBO drift."
S024,5,Pass,None,Summary sheet carries all three formulas character-for-character plus the why-backprop reason; student-appropriate and nothing from Turns 1-4 lost.
S024,6,Small Issue,Incorrect content,"Exactly four questions appended with the sheet unchanged, but Q4 conflates concepts (asks how the reparameterization trick helps a DAE-trained score model 'learn a good representation'), which the sheet does not support and is not cleanly answerable from it."
S024,7,Pass,None,"Reissues the student sheet with the four questions and no printed answers; reference formulas remain as study material, content otherwise unchanged."
S025,1,Fail,Incorrect content,"Defines x-tilde = x + sigma*eps with eps ~ N(0,I) but then gives the target as -eps/sigma^2 and calls it equivalent to (x - x-tilde)/sigma^2 — under that convention the notes' true score is -eps/sigma, and the two forms it equates differ by a factor of sigma; it also misquotes Section 2 of the cheat sheet."
S025,2,Pass,None,"Unweighted loss 1/2 ||S_theta + eps/sigma^2||^2 matches Section 3 exactly, and the trap warning (default to the basic Euclidean form when no lambda is mentioned) is reproduced."
S025,3,Small Issue,Incorrect content,"Names lambda(sigma) = sigma^2 and gives the notes' exact weighted form ||sigma*S_theta + eps||^2, but falsely presents sigma^2*||S_theta + eps/sigma^2||^2 as 'equivalently (multiplying out)' the same expression — those two are not equal."
S025,4,Fail,Incorrect content,"Presents 'the update rule from your cheat sheet' as x + alpha_i*S_theta + sqrt(2*alpha_i)*Z, but the notes' Formula 6 and trap warning require (alpha_i/2) on the score term and sqrt(alpha_i) on the noise term; it even quotes the trap warning and then visibly contradicts it ('no root, no division—wait, actually...')."
S025,5,Pass,None,"DDPM-to-score conversion S_theta = -eps_theta/sqrt(1 - alpha-bar_t) matches Section 7 exactly, correct sign and denominator, no unselected diffusion-notes content."
S025,6,Fail,Incorrect content,"Five questions cover exactly the Turn 1-5 topics and Q1/Q2/Q3/Q5 answers are supported by the notes, but Q4's answer key hard-codes the wrong ALD coefficients (alpha_i and sqrt(2*alpha_i)) into teacher-facing grading material."
S025,7,Pass,None,Student version keeps the same five questions (MCQ options are not answers) with all answers stripped; teacher version remains as its own prior message.
S025,8,Pass,None,Names 05_ncsn_score_based_models_notes.pdf as the sole source and accurately says all seven sections of that cheat sheet were used (the file has exactly seven sections).
S026,1,Pass,None,"DDPM Markovian step, x-hat_0 prediction, DDIM master step-skip, and the DDIM sigma_t(eta) variance are all reproduced exactly as in the diffusion cheat sheet, with the stochastic-vs-controllable contrast stated correctly; source_mode file."
S026,2,Small Issue,Incorrect content,"Core eta semantics are exactly right (eta=0 kills sigma_t and the z term, deterministic/ODE; eta=1 with t' = t-1 collapses to the DDPM step), but it adds ungrounded practice claims not in the notes ('the default eta ~ 0.5', eta=1 'takes longer to converge')."
S026,3,Pass,None,"Correctly says set eta = 0, traces the why through the variance formula (sigma_t = 0 so z_t vanishes) matching the notes' deterministic-DDIM caveat; no invented DDPM-determinism claim."
S026,4,Pass,None,"Turn text is only the intro line (question card body not captured in the API transcript), but Turns 5-6 confirm exactly four questions drawn from the DDPM/DDIM/eta thread, so the set was created on-topic."
S026,5,Pass,None,"Only Q4 was rewritten, now asking eta=0 vs eta=1, and its answer matches the notes (eta=0 deterministic/ODE; eta=1 with t' = t-1 recovers the DDPM update); still four questions."
S026,6,Pass,None,"Student copy has the four questions (including the edited Q4) with no answers — the sigma_t formula shown inside Q4 is question material, not an answer — and 06_diffusion_ddpm_ddim_notes.pdf is named as the sole source."
S027,1,Pass,None,"VE drift f=0 with g=sqrt(d sigma^2/dt), VP drift -1/2 beta(t) x_t with g=sqrt(beta(t)), VE tied to NCSN and VP to DDPM, drift/diffusion roles identified — all match the flow-matching notes; source_mode=file."
S027,2,Pass,None,"Reverse SDE dx=[f - g^2 grad log P]dt + g dw-bar is exact, s_theta substitution stated, and the notes' continuous-only trap (must use Euler-Maruyama for numbers) is flagged; only source_mode=none despite faithful content."
S027,3,Fail,Incorrect content,Predictor written as x_{i-1}=x_i-[f - (1/2)g^2 S_theta]dt + g Z_i: the notes have the FULL g^2 score term (no 1/2) and noise scaled by g*sqrt(dt); both the halved score and the missing sqrt(dt) contradict file 07.
S027,4,Fail,Incorrect content,"Langevin corrector given with flipped sign, x <- x - (eps/2) S_theta + sqrt(eps) Z; the course's annealed-Langevin update ascends the score (x <- x + (alpha/2) s_theta + sqrt(alpha) z), so this step walks away from the data; predictor-vs-corrector roles were otherwise well separated."
S027,5,Fail,Incorrect content,"Continuous ODE correct (f - 1/2 g^2 grad log P, no-noise trap stated) but the discrete step is written with (1/2)g(t) S_theta instead of the notes' (1/2)g^2(t) S_theta, and its comparison table contradicts turn 3 by calling the predictor's multiplier 'g^2 full strength'."
S027,6,Fail,Incorrect content,"VE/VP half of the table is right, but the sampler half carries the turn-3/5 errors (predictor 1/2 g^2 and noise g*Z without sqrt(dt); ODE 1/2 g unsquared) and self-contradicts its own 'score multiplier g(t)^2' row."
S027,7,Fail,Other,"Response is literally the string '```json' — no exam questions, no answers, and no source file named; unusable output with no recorded error field."
S028,1,Small Issue,None,"Pipeline (SFT -> Bradley-Terry reward model -> policy optimization with KL) and all three method sketches are sound, but the deck's 'helpful, harmless, honest' framing is missing and source_mode=general — note the harness never selected 11_ppo_dpo_grpo_alignment.pptx until turn 9."
S028,2,Fail,Incorrect content,"States PPO needs THREE models (policy, reference, reward) and never mentions the critic; the PA2 deck says 'needs policy, reference, reward, and critic models' — the scenario's core four-model fact is contradicted."
S028,3,Pass,None,"DPO explained via the optimal KL-regularized policy reparameterization, exact DPO loss with policy-vs-reference log-ratios for y+ and y-, reward model dropped while the reference model explicitly survives."
S028,4,Fail,Incorrect content,Says GRPO 'drops the reward model entirely — just like DPO' and needs only verifiable outcomes; the deck says GRPO drops the CRITIC and normalizes rewards within the group (the group advantage formula and +1.0 example do match Problem 9).
S028,5,Fail,Incorrect content,"Headline 'all three need it' is right, but then declares GRPO's reference model 'mostly optional' / replaceable by clipping, contradicting the deck's summary that all methods use a reference model for KL control."
S028,6,Fail,Incorrect content,Comparison table lists PPO as 3 total models with no critic row anywhere and GRPO's reference as '(or optional)'; the response is also truncated mid-sentence in the loss-function table.
S028,7,Fail,Incorrect content,"The numeric GRPO item exactly matches Problem 9 (mean 0.5, std 0.5, A=+1.0, clipped surrogate 1.20), but Q1 hardcodes 'PPO (3 models)' as fact and its own answer admits ambiguity ('Accept B or note that B and C tie'); answer-key summary truncated."
S028,8,Fail,Exposed student answers,"Student copy keeps all five questions, order and numbers, but every numeric answer is embedded in the boxed blanks as LaTeX \phantom{0.5}/\phantom{+1.0}/\phantom{1.2} — invisible when rendered yet fully readable in the distributed source."
S028,9,Fail,Wrong source,"Names the three files but attributes to the deck's slide 4 the 'policy, reference, reward, and critic' line its own turn-2 answer contradicted (the deck was only selected at this turn), and says the never-selected course outline was 'used only for context'."
S029,1,Fail,Incorrect content,"Real artifact has exactly 10 questions with a good conceptual/numeric mix, but the answer key has arithmetic errors: Q3(a) beta-tilde = 0.51/0.64*0.15 = 0.1195, key says 0.1079 (and the given alpha-bar pair implies alpha_t=0.735, contradicting the stated beta_t=0.15); Q7 alpha-bar_500 ~0.08, key says 0.605; Q2 SNR_2 is 5.90 not 5.85 and SNR_4 is 1.39 not 1.41 (Q1 and Q4 arithmetic check out)."
S029,2,Pass,None,"Refine executed with a faithful instruction: reorder all 10 easiest-to-hardest, content/answer key unchanged."
S029,3,Pass,None,Refine keeps exactly 10 and demands >=3 numeric questions with step-by-step worked solutions; it redundantly re-orders but to the same easiest-to-hardest target.
S029,4,Pass,None,"Dedupe refine preserves ordering, the >=3 numeric requirement and same-tier replacements, matching the expected check-and-replace behavior."
S029,5,Fail,Other,Raw '<function_calls>' pseudo-XML leaked into the chat text and refine is null — the eta-swap edit never executed — yet the reply ends 'Done — swapped the weakest question'.
S029,6,Fail,Other,"Same leaked-markup failure with refine null: claims 'Arithmetic check complete' but no check ran, leaving the turn-1 key errors (0.1079 vs 0.1195; 0.605 vs ~0.08) uncorrected."
S029,7,Fail,Other,"Leaked malformed refine markup, refine null — no student version was actually created despite 'Done — student version ready' (no answer leakage only because nothing was produced)."
S029,8,Fail,Other,"Leaked markup again, refine null — the teacher key with short explanations was never generated despite the completion claim."
S029,9,Small Issue,None,"Correctly names both selected files and the 10-question count matches the last real state, but 'all intact' vouches for the eta swap, arithmetic check, student version and teacher key that never executed."
S030,1,Fail,Other,"generate_assessment call leaked as raw '<function_calls>' text and nothing executed (no artifact, empty suggestions), yet the reply claims 'Done! Your 20-mark exam is ready in the card below'; also says 'your three attached notes files' when the harness had only 05 and 06 selected."
S030,2,Fail,Other,Refine leaked as text and never executed; claims the exam was rebalanced across three topics when no exam exists.
S030,3,Fail,Other,"Now admits 'I don't have the generated exam content in front of me yet' — directly contradicting turns 1-2 — and offers only a hypothetical 'planned structure' table, so the breakdown matches no real exam."
S030,4,Small Issue,None,"The sum shown is correct and auditable (7x2=14, 3x2=6, total 20) and it is transparent that only the planned table is being verified, but there is still no actual exam behind the numbers."
S030,5,Fail,Incorrect content,"Leaked, never-executed refine embeds a wrong formula: 'True Score formula: S_theta(x-tilde|x) = -eps/sigma^2' — the NCSN notes say -eps/sigma (equivalently (x - x-tilde)/sigma^2)."
S030,6,Fail,Other,Leaked refine never executed; instruction even hedges between two mark-rebalancing options while the reply asserts part (b) was added with the total held at 20.
S030,7,Fail,Other,"Leaked refine never executed; the eta replacement content (eta controls stochasticity, eta=0 deterministic vs eta=1) is correct on paper but the swap never happened despite 'Done!'."
S030,8,Fail,Other,"Fabricates a 'final state from the refinements' table (6/8/6, total 20) for an exam that never existed; catching the 40% DDPM imbalance and offering a fix is the one redeeming behavior."
S030,9,Fail,Other,Leaked refine never executed; model answers were never added despite the detailed completion claim.
S030,10,Fail,Other,Leaked refine never executed; no student copy exists yet the reply says 'Ready to print and distribute'.
S030,11,Fail,Other,"Leaked refine never executed; header content (AI623, 20 marks, 60 minutes) is right but was never applied to anything."
S030,12,Critical Fail,Wrong source,"Falsely claims 'I grounded this entire exam in the three attached files' — 07_flow_matching_notes was only selected at this final turn — and fabricates a complete inventory (student copy with header, model answers, '20 marks verified') when no exam was ever generated."
S031,1,Fail,Clarification problem,"Reply dangles — 'A couple of quick choices to nail the structure:' — with no choices, no clarify payload, and no lesson plan produced."
S031,2,Pass,None,"Proposes the lesson-plan card with correct params (PPO/DPO/GRPO topic, 180-minute duration, graduate lecture); per-section timings and break claimed and judged at proposal level."
S031,3,Pass,None,"Adds the 10-minute matching activity pairing each method to policy/reference/reward/critic, and the activity genuinely shows up in the turn-5 outline."
S031,4,Pass,None,"Pipeline 15->25 offset by worked-examples 20->10 (net zero, 180 claimed), and the turn-5 outline confirms exactly those durations."
S031,5,Fail,Incorrect content,"Objectives themselves are on-target, but the embedded outline's sections sum to 155 minutes against the stated 180 (25 minutes missing), and its activity debrief key says 'GRPO = policy + reference only' — the deck drops only the critic, not the reward model."
S031,6,Small Issue,None,"Exactly three well-grounded discussion questions (reference/KL, reward-model trade-off, group normalization), but pitched to a '25-min group segment' that does not exist in the plan's outline."
S031,7,Fail,Incorrect content,Handout sign-flips the PPO reward shaping to r = beta*log(pi_theta/pi_ref) (file 09 has beta*log(pi_ref/pi_theta)) and states GRPO needs only 2 models with reward model 'No'; no timing/answer-key leakage into the student copy though.
S031,8,Fail,Incorrect content,"Quiz mechanics are good (marks 5+3+4+5+3=20; rho=0.3/0.2=1.5; GRPO mean 6.5, pop std ~1.118, advantage ~1.34 all correct), but the Q2 answer key marks GRPO's reward model as not required — unsupported by the selected deck/notes — and the rubric tops out at '20-22 marks' on a 20-mark quiz."
S031,9,Pass,None,"Student version reproduces the same five questions with identical wording, order and marks, answers fully removed."
S031,10,Small Issue,None,"Names exactly the two selected files and a real artifact list, but the inventory's timings (PPO 35, DPO&GRPO 30, discussion 25, break 10) do not match the actual turn-5 outline (30, 25+20, no discussion segment, break 15)."
S032,1,Pass,None,"8-slide outline proposed with every number traceable to file 12: N=(224/16)^2=196, L=197, patch-embed params 590,592 (Problem 1), 4LD^2+2L^2D and 6.29 GFLOPs (Problem 2), temperature logits s/tau and symmetric InfoNCE L=1/2(L_I->T + L_T->I), L_I->T ~0.3739 correctly cited to Problem 4."
S032,2,Pass,None,"Targets slide 3 only for the 224x224 step-by-step walkthrough matching Problem 1; the transcript records no refine payload, so the slide-level diff itself is unverifiable."
S032,3,Pass,None,"Adds a worked example to slide 5 only; it frames it as a 'CLIP loss calculation' although slide 5 is the temperature/normalization slide (loss lives on slides 6-7) — a minor mislabel, content still file-traceable."
S032,4,Pass,None,"Simplifies slide 2 only, as asked; no facts contradicted in the response."
S032,5,Pass,None,Adds speaker notes to every slide with slide text explicitly untouched (the turn-1 params already carried include_speaker_notes=true).
S032,6,Pass,None,"Prepends a title slide as requested, implying the deck grows to nine slides."
S032,7,Pass,None,"Confirms title slide at the front and a summary slide at the end, consistent with slide 8 already being the takeaways/summary slide."
S032,8,Small Issue,None,"Shows the correct auditable arithmetic (224/16=14, 14x14=196, +CLS=197, matching Problem 1) but ends open-ended — 'If any slides show different numbers, I'll correct them now' — without actually confirming the deck's final state."
S032,9,Pass,None,Proposes a structured study-notes handout on the same topic for students; speaker-note leakage cannot be assessed at proposal-params level.
S032,10,Pass,None,"Names only 12_vlm_vit_clip_reasoning.md, and everything it cites (196/197, FLOP formulas, CLIP loss, Problems 1-7) genuinely exists in that file."
S033,1,Pass,None,"Proposes a one-page structured study-notes card on the intro deck (source_mode file); the full notes body delivered at Turn 2 is grounded in the deck (definitions, scope, grading 5/40/35/20, open-book policy), so judged on params plus that content."
S033,2,Pass,None,"All three definitions are word-for-word from slide 2 (verified against the corpus), and the rest of the notes (prerequisites, PA oral 60/written 40, not-covered list) stays grounded."
S033,3,Pass,None,"Everything except the three definitions rewritten in plain student language; definitions untouched, grading percentages and the two-modality (text+images) focus preserved, nothing invented."
S033,4,Pass,None,"Adds a highlighted NOT-covered box with exactly slide 3's content (convolutions+attention, CNNs/RNNs/LSTMs/transformers, train/evaluate/build/deploy); prior notes and exact definitions preserved, still about a page."
S033,5,Pass,None,"Exactly three deck-grounded self-check questions (VLM vs LLM, MLLM modalities, not-covered items) appended with no answers anywhere in the student notes."
S033,6,Pass,None,Separate teacher answer sheet answers the same three questions correctly per the deck (VLM = LLM + vision encoder generating text; MLLM modalities text/images/video/audio); student notes untouched.
S033,7,Pass,None,"Trims to a tighter one-pager without touching the definitions; the not-covered content survives (merged into an in/out-of-scope section) and the three questions stay answer-free, though the trim is done silently without stating what was condensed."
S033,8,Pass,None,Names 01_dvlm_introduction.pptx as the only file used and inventories both deliverables (one-page student notes with verbatim definitions + separate answer sheet) accurately.
S034,1,Fail,Incorrect content,"Assignment correctly spans both files with no DDPM-notes contamination and the alpha_i = 0.32 arithmetic is right, but the generated answer key contradicts the NCSN cheat sheet: weighted objective given as sigma^2*||sigma*S + eps||^2 (notes: ||sigma*S + eps||^2, no extra sigma^2) and the ALD update as alpha_i*S + sqrt(2*alpha_i)*Z (notes/trap: (alpha_i/2)*S + sqrt(alpha_i)*Z)."
S034,2,Pass,None,"Revised proposal adds a dedicated Part A explicitly contrasting the NCSN score target with the FM velocity field, with both cheat sheets named in the instructions."
S034,3,Pass,None,"Proposal gains a sampling part (ALD, predictor-corrector, probability-flow ODE — all genuinely in files 05/07) while keeping the targets part."
S034,4,Pass,None,"Restructured to exactly three parts with 6+8+6 = 20 marks and total_marks 20 in params, content of Turns 1-3 carried into the parts."
S034,5,Small Issue,Other,"Rubric only announced in-turn (body presumably a UI card); the criteria revealed at Turn 6 mirror the parts and sum to 20 but are generic (mathematical accuracy, conceptual clarity) rather than tied to the notes' specific formulas (-eps/sigma, v = x1 - x0) as the scenario wants."
S034,6,Pass,None,Genuine part-by-part alignment check: every part mapped to rubric criteria with per-part marks and a 20/20 total confirmed.
S034,7,Pass,None,"Refine adds Part D on VE vs VP SDEs at 5 marks for a 25 total with Parts A-C explicitly kept at 6+8+6; VE-unbounded vs VP-bounded framing matches the notes, though it misattributes the VE-SDE to the NCSN notes (both SDEs live in 07_flow_matching_notes.pdf)."
S034,8,Pass,None,"Confirms the rubric now grades all four parts to 25, consistent with the Part D criteria (2+2+1) already specified in the Turn 7 refine."
S034,9,Pass,None,"Only Part B reworded into the misconception scenario at the same 8 marks, correctly citing Formula 6 (NCSN) for the stochastic term and Formula 4 (FM notes) for the deterministic probability-flow ODE."
S034,10,Small Issue,Incorrect content,"Excellent behavior — actually detects the stale 'formulas & computation' criterion and rewrites Part B rubric to 2+3+2+1 = 8 keeping 25 total — but one criterion tells graders to credit 'the sqrt(2*alpha_i) scaling in the ALD formula', which contradicts the notes' sqrt(alpha_i)."
S034,11,Pass,None,"Clean student handout: four parts, 25 marks, scenario-style Part B, and no rubric criteria or answer notes leak in."
S034,12,Pass,None,"Names exactly 05 and 07 as sources and gives an honest inventory (including the initial 110-mark generation) with consistent 25-mark totals across assignment, rubric, and handout."
S035,1,Pass,None,"Generated exactly 6 short-answer Qs with answers, all grounded in file 04 (DAE corruption, Tweedie, reparameterization, KL, posterior collapse, Gaussian NLL); source_mode=file."
S035,2,Pass,None,"Refine correctly scoped to single_question with target_question_number=3 (Tweedie), explicitly leaving the rest untouched."
S035,3,Pass,None,"Refine instruction hardens only Q2 and Q6 and says 'Keep Q1, Q3, Q4, Q5 verbatim'; count stays six."
S035,4,Pass,None,Correctly reported there is no hierarchical-VAE question to drop instead of deleting something unrelated.
S035,5,Small Issue,Clarification problem,"Asked which question to swap out (reasonable since count was still 6) but never noted Q5 already covers posterior collapse, and no edit was ever applied."
S035,6,Pass,None,"Reorder refine explicitly says keep all question content, answers, and marks unchanged — only reorder foundational to advanced."
S035,7,Pass,None,Version B proposed as a new 6-question advanced assessment without modifying the existing artifact (version A untouched); judged on params per API allowance.
S035,8,Fail,Lost previous work,"Student version has 6 Qs and zero answers (no leakage), but two version-A questions drifted: the DAE forward-corruption and KL-divergence questions were silently replaced by an ELBO question and a new diagnosis question."
S035,9,Small Issue,Incorrect content,"Teacher key matches the turn-8 student set exactly and answers are grounded, but the Gaussian NLL is written (1/(2σ²))(x−μ)² + log σ² while the notes put the ½ on both terms: ½[(x−μ)²/σ² + log σ²]."
S035,10,Pass,None,"Added a grading-oriented explanation to every answer, kept the key's answers verbatim, and did not touch the student version."
S035,11,Pass,None,"Reported 6 questions in version A and 6 in version B, consistent with the student copy and teacher key."
S035,12,Pass,None,"Named 04_vae_denoising_autoencoders_notes.pdf as the only source and inventoried version A student copy, teacher key with explanations, and version B honestly."
S036,1,Pass,None,"180-min lesson-plan proposal grounded in file 06: schedules, closed-form jump, posterior, losses, DDPM sampling, DDIM with eta, Improved DDPM — no NCSN or flow-matching material; source_mode=file."
S036,2,Pass,None,"Nine learning objectives added, all tied to the notes (SNR, closed-form jump, DDIM-DDPM collapse at eta=1 and t'=t-1, interpolation factor v); plan topic/duration preserved."
S036,3,Small Issue,Lost previous work,"Text claims timings added, but the turn-3 proposal params dropped the learning_objectives and section structure carried in turn 2's params, keeping only lesson_duration=180."
S036,4,Pass,None,"Committed to exactly two board examples (one forward, one DDIM sampling) from the notes' formulas; content delivered at turn 5 matches."
S036,5,Pass,None,"Forward example arithmetic checks out (beta_100≈0.002, sqrt(0.905)≈0.951, pixel 0.951x0.7+0.308x0.5≈0.820) and X0-recovery formula matches the notes; the DDIM example is cut off mid-step in the capture."
S036,6,Fail,Incorrect content,"Generated exit ticket's Q2 scrambles the posterior mean: it puts sqrt(1-abar_{t-1})*beta_t on X0 and sqrt(abar_{t-1})*(1-alpha_t) on X_t, where the notes have sqrt(abar_{t-1})*beta_t on X0 and sqrt(alpha_t)*(1-abar_{t-1}) on X_t."
S036,7,Fail,Incorrect content,"Student ticket correctly shows no answers, but the key's DDIM variance sigma_t^2 = eta*(1-abar_t')/(1-abar_t)*(1-abar_t'/abar_t) inverts the notes' final ratio (should be 1-abar_t/abar_t') and fails to square eta; it also silently rewrote all three ticket questions (new given values, 9 marks vs 30) instead of stripping answers from the turn-6 ticket."
S036,8,Pass,None,"50-mark homework is student-facing and builds on the lesson (jump, X0 recovery, posterior, DDIM eta); the cosine-schedule computation in A1 goes slightly beyond the notes but matches the lesson's linear-vs-cosine mention."
S036,9,Small Issue,Incorrect content,"Coverage check is the right behavior and flags plausible gaps, but its lesson summary omits Improved DDPM even though the turn-1/2 plan explicitly had an 'Improved DDPM & learnable variance' section — it audited against a silently reduced plan."
S036,10,Fail,Changed unrelated content,"'Shorten the intro, don't change anything else' produced a 5-section plan whose timings total only 130 of 180 minutes (confirmed by the turn-12 inventory) and the Improved-DDPM/exam-pitfalls sections from the original plan are gone."
S036,11,Small Issue,Missed instruction,"Thorough cross-asset audit finds real issues (A3 out of scope, x_t vs X_t casing) but only reports and asks permission instead of correcting, and misattributes 'You said you'd remove it' to the user, who never said that."
S036,12,Pass,None,"Names 06_diffusion_ddpm_ddim_notes.pdf as the only source and inventories all five assets honestly, including flagging its own unresolved scope and notation issues."
S037,1,Small Issue,Incorrect content,"Six grounded questions generated with worked answers, but Q6 is a conceptual PPO-vs-DPO comparison (not numeric as requested) and Q3's DPO loss says 0.5747 when -ln(0.5646)=0.5716."
S037,2,Pass,None,"Refine correctly scoped to single_question target 1, making it temperature softmax with z=(2,1,0), T=0.5 and leaving the rest untouched."
S037,3,Pass,None,"Refine grounds the swap in Problem 9 of the source with rewards (1,0,1,0), population std over K=4, and states Q1 remains unchanged."
S037,4,Fail,Incorrect content,"The 'double check' blessed Q1's p1=0.8664 when 54.5982/62.9872=0.8668 (source boxed 0.867), blessed the DPO loss 0.5742 (correct 0.5716), and silently presented Q2 with givens 0.40/0.60 instead of the artifact's 0.35/0.50."
S037,5,Fail,Incorrect content,"Asked point-blank to verify Q1, it confidently boxed p≈(0.8664, 0.1173, 0.0159) — p1 rounds to 0.866, contradicting the source's boxed 0.867 — and waved off its own 0.9996 probability-sum red flag as 'rounding error only'."
S037,6,Pass,None,Rounding refine instruction covers every final answer in all six questions with a consistent 3-decimal format and preserves the working.
S037,7,Pass,None,"Genuine per-question review with specific flags (Q2 phrasing, Q4 too easy, Q6 scope ambiguity); flagged items rewritten and grounded, unflagged items left alone, count held at six."
S037,8,Pass,None,"Student copy has all six questions with zero answers or intermediate values, and wording matches the turn-7 teacher version including the reworded Q2 and Q6."
S037,9,Pass,None,"Named exactly what it scanned per question, found no true leaks, and sensibly flagged that Q4's probabilities are copied verbatim from the worked problem, asking before changing."
S037,10,Fail,Missed instruction,"Reordered the student copy but explicitly kept the answer key 'in original sequence' instead of matching the new order, and silently applied the turn-9 Q4 number change (0.6, 0.20, 0.08, 0.35) the user never approved."
S037,11,Pass,None,"Named 10_ar_alignment_worked_problems.md as the source and gave a per-question confirmation that the student copy is answer-free, matching the actual document."
S038,1,Pass,None,"SETUP DEVIATION: the transcript shows BOTH files selected at turns 1-2 (not just the PPO deck), so the scripted mismatch test never ran; given the actual selection, generating a grounded ViT/CLIP worksheet was correct and its arithmetic checks out (1029 tokens, 393,728 params, 223-token context)."
S038,2,Small Issue,Other,"Opens with reflexive 'You're absolutely right — I apologize' and points at its own quiz; it never says what the PPO deck does or does not contain (though with both files selected there was no real mismatch to explain, and nothing was fabricated)."
S038,3,Pass,None,"Acknowledges the switch and accurately lists the VLM file's seven worked problems (patch count, FLOPs, CLIP similarity, contrastive loss, cross-attention, token budgets, visual reasoning)."
S038,4,Pass,None,"Worksheet proposal params ground every item in 12_vlm_vit_clip_reasoning.md (patch-count formula, embedding params, temperature logits, batch loss, gradient structure, InfoNCE decomposition); no PPO content."
S038,5,Pass,None,"Refine adds the 224x224/P=16/D=768 numeric question with the exact notes answer 768x768+768=590,592, explicitly grounded in Problem 1(c), inserted without touching other items."
S038,6,Pass,None,Temperature question refine has the correct direction (lower tau sharpens the softmax) and cites Problems 3-4 of the notes.
S038,7,Small Issue,Incorrect content,"The no-PPO-leak conclusion is true, but the check describes the worksheet as 'all seven problems and the two new questions' when the artifact it actually refined has 8 original questions plus 2 added (10, not 9)."
S038,8,Pass,None,Proposes a separate answer-key card (teaching_material) rather than touching the worksheet; repeats the 'nine questions' miscount from turn 7.
S038,9,Fail,Missed instruction,"Only announces 'Creating a student-facing copy' — no copy content, no artifact proposal, no refine; nothing observable was ever delivered (no answers leaked, since nothing was produced)."
S038,10,Small Issue,Incorrect content,"Source story is honest (final worksheet from 12_vlm_vit_clip_reasoning.md, no claim the PPO deck was used), but it claims 'I then generated three artifacts' including an answer key and a student copy that were never actually produced."
S039,1,Pass,None,"Did not generate a random exam; opened a clarification ('let me ask one thing to focus it right'). Note the harness had 05_ncsn selected from the start, contrary to the script's no-files setup."
S039,2,Pass,None,Kept resolving unknowns ('three quick choices') without generating anything or inventing content; source_mode=course_metadata.
S039,3,Small Issue,Clarification problem,Accepted the scope and 90-min length but never identified the three matching note files or suggested selecting them — just 'one final choice'.
S039,4,Fail,Incorrect content,"Announced a 'balanced mix' across score-based/diffusion/flow-matching, but all 20 generated questions are NCSN (no diffusion or flow sections; only file 05 was actually selected), and the key contradicts the notes: Q7 with eps~N(0,I), sigma=0.3 is answered -eps/sigma^2=-11.11eps instead of -eps/sigma=-3.33eps; weighted loss stated as lambda(sigma)*sigma*||S+eps||^2 (sigma^3 factor) vs the notes' ||sigma*S+eps||^2; ALD written x+alpha*S+sqrt(2alpha)Z vs the notes' x+(alpha/2)S+sqrt(alpha)Z."
S039,5,Pass,None,Refine restructures to exactly 10+10+10=30 across the three named sections and cites all three note files.
S039,6,Pass,None,"Harder-Langevin refine is scoped to the Section A question only, grounded in the notes' step-size formula alpha_i = eps_step*sigma_i^2/sigma_L^2, and keeps everything else intact."
S039,7,Small Issue,Missed instruction,"DDIM eta question is correct (eta=0 deterministic vs eta=1 stochastic) and scoped to Section B, but adding 3 marks without rebalancing silently breaks the 10-mark section total and neither rebalances nor states the change."
S039,8,Pass,None,"Swaps exactly one Section 3 question for the linear interpolant (1-t)x0+t*x1 and target velocity as its time derivative, keeping the section at 10 marks."
S039,9,Pass,None,"Reweight refine sets 10/12/8=30 and explicitly preserves the harder Langevin, DDIM eta, and interpolant edits."
S039,10,Pass,None,"Adds only the requested header (open book/notes, 90 min, 30 marks, show working) with no content changes."
S039,11,Small Issue,Lost previous work,"No answers leak, but the 'student version' was made by stripping the answer key out of the one and only exam artifact in place rather than producing a separate copy, leaving the worked answers nowhere."
S039,12,Fail,Missed instruction,"Only says 'Building the teacher key with model answers now' — no refine, no proposal, no content; after turn 11 deleted the key from the artifact, the teacher answers were never restored anywhere."
S039,13,Pass,None,"Reports 10/12/8=30 plus duration and format, consistent with the turn-9 reweight, though it is an echo rather than a per-question audit."
S039,14,Small Issue,Missed instruction,"Names exactly the three note files with a sensible per-section mapping and nothing unselected, but ignores the second half of the request — it never lists the final documents (exam / student version / teacher key)."
S040,1,Pass,None,"Revision summary connects all three files (intro scope, diffusion, AR/alignment through DPO/GRPO) with content faithful to the sources; near-exact definitions already present."
S040,2,Pass,None,"LLM/VLM/MLLM definitions now match 01_dvlm_introduction word for word ('Large model primarily trained on language...', 'An LLM with a vision encoder...'), with the rest of the summary intact."
S040,3,Pass,None,"Added diffusion formulas are all faithful to file 06 (alpha_t=1-beta_t, abar product, SNR, closed-form jump, clean-up, both posterior means, posterior variance, both losses, DDPM step, DDIM variance/step-skip); definitions preserved."
S040,4,Pass,None,"Captured text is truncated identically to turn 3, but the turn-15 shortened summary and turn-8/16 inventories confirm the AR/alignment side (chain rule, softmax, CE, Bradley-Terry, PPO ratio/clip, GRPO, DPO) was appended and matches file 09."
S040,5,Small Issue,Other,"Artifact has exactly 10 questions spanning the files, but the chat preview narrates a different quiz (Q1 distinguish-LLM/VLM/MLLM, Q2 SNR with abar=0.3) than the generated artifact (Q1 abar meaning, no SNR calc, intro file covered only via the Q9 MLLM design essay), forking the quiz state."
S040,6,Pass,None,"Teacher key answers the narrated quiz consistently and correctly per the notes (exact definitions, eta=0 gives deterministic ODE sampling, chain-rule/cross-entropy)."
S040,7,Pass,None,"Student notes reuse the exact intro-deck definitions unparaphrased and cover the same ground; the transformer recap (causal mask, unembedding Z=HW_u) is genuinely in file 09; no quiz answers leaked."
S040,8,Pass,None,"Mid-conversation inventory lists exactly the four artifacts made so far with correct audiences (key=teacher, rest=students) and no fabrications."
S040,9,Pass,None,"Captured text is truncation-identical to turn 7, but the turn-16 inventory's 'Student Notes + Glossary — Created' indicates the glossary was appended beyond the capture limit; could not be directly verified."
S040,10,Pass,None,"Teacher-facing 180-min outline covers the three blocks in order, references the existing quiz/notes ('preview quiz' in wrap-up), and stays inside the three files."
S040,11,Fail,Incorrect content,"Timing table claims 'Total: 180 minutes' but the phases sum to 165 (15+35+35+10+35+25+10, ending at 2:45) — 15 minutes are missing."
S040,12,Pass,None,Discussion question added inside the topic block with an expected-answer note (Phase 1's images-vs-sequences question is well tied to the material); later blocks fall beyond the capture truncation.
S040,13,Fail,Missed instruction,"Only the one-line announcement 'Here's your 10-question cumulative quiz — no answer key' — no question list, refine, or proposal was actually produced (nothing leaked, but nothing was delivered)."
S040,14,Small Issue,Incorrect content,"Good per-file coverage audit with honest gaps and an offer to add questions, but it audits the narrated quiz, not the generated artifact — e.g. it claims DPO is untested although artifact Q7 is explicitly PPO-vs-DPO."
S040,15,Fail,Missed instruction,"The shortened summary paraphrases the pinned definitions ('LLM: Text-in, text-out. Learns to generate text from language data.') instead of keeping the turn-2 word-for-word wording; everything else was correctly left untouched and the summary still spans all three files."
S040,16,Small Issue,Incorrect content,"Inventory is complete, audience-labeled, and source-accurate with no phantom sources, but its QA section falsely asserts 'timings sum to 180 minutes' (they sum to 165) and calls the quiz 'MCQ, short-answer, essay' when it contains no MCQs."
